{
    "Oscillator Bank": {
        "1": [
            52.67578125,
            205.46484375
        ],
        "2": [
            352.0,
            205.0
        ]
    },
    "Phasor": {
        "1": [
            34.7109375,
            28.3984375
        ]
    },
    "Positions Creator": {
        "1": [
            786.0,
            112.0
        ]
    },
    "Vertex To Lines": {
        "1": [
            787.09765625,
            238.699203491211
        ]
    }
}